{
	"p01" : [ 0.0, 0.0, 75.631098, 1.0, 202.269396, 0.875, 286.694928, 0.340909, 360.567269, 0.147727, 992.0, 0.0 ],
	"p02" : [ 0.0, 0.0, 592.737481, 0.193182, 703.545992, 0.318182, 882.950247, 1.0, 940.9928, 1.0, 992.0, 0.0 ],
	"p03" : [ 0.0, 0.0, 481.928971, 1.0, 992.0, 0.0 ],
	"p04" : [ 0.0, 0.0, 96.737481, 1.0, 228.652375, 0.818182, 318.354503, 0.215909, 408.05663, 0.125, 682.439609, 0.159091, 803.801311, 0.863636, 904.05663, 0.977273, 992.0, 0.0 ]
}
