{
	"pattrstorage" : 	{
		"name" : "somename",
		"slots" : 		{
			"1" : 			{
				"id" : 1,
				"data" : 				{
					"func" : [ 1000.0, 0.0, 1.0, 0.0, 0.815385, 0, 165.137619, 0.230769, 0, 504.587158, 0.661538, 0, 926.60553, 0.384615, 0, 1000.0, 0.984615, 0, "linear" ],
					"func2" : [ 1000.0, 0.0, 1.0, 0.0, 0.892308, 0, 341.743134, 0.230769, 0, 772.935791, 0.707692, 0, 1000.0, 1.0, 0, "linear" ],
					"func3" : [ 1000.0, 0.0, 1.0, 0.0, 0.615385, 0, 188.073395, 0.415385, 0, 419.954132, 0.281846, 0, 541.284424, 0.923077, 0, 1000.0, 0.476923, 0, "linear" ]
				}

			}
,
			"2" : 			{
				"id" : 2,
				"data" : 				{
					"func" : [ 1000.0, 0.0, 1.0, 0.0, 0.815385, 0, 325.68808, 0.892308, 0, 518.348633, 0.092308, 0, 655.963318, 0.953846, 0, 1000.0, 0.984615, 0, "linear" ],
					"func2" : [ 1000.0, 0.0, 1.0, 0.0, 0.892308, 0, 213.30275, 0.907692, 0, 612.385315, 0.261538, 0, 1000.0, 1.0, 0, "linear" ],
					"func3" : [ 1000.0, 0.0, 1.0, 0.0, 0.615385, 0, 366.972473, 0.984615, 0, 715.596313, 0.107692, 0, 821.100891, 0.984615, 0, 1000.0, 0.476923, 0, "linear" ]
				}

			}

		}

	}

}
