{
	"myenv1" : [ 0.0, 0.0, 123.791351, 0.924883, 373.849884, 0.244131, 596.674316, 0.661972, 727.893127, 0.29108, 973.0, 0.0 ],
	"myenv2" : [ 0.0, 0.615023, 443.173035, 0.140845, 443.173035, 0.586854, 683.328247, 0.568075, 826.926208, 0.840376, 973.0, 0.41784 ],
	"books" : [ 0.0, 0.164319, 329.284973, 0.840376, 329.284973, 0.41784, 685.804077, 0.840376, 698.183228, 0.333333, 896.24939, 0.7277, 908.628479, 0.455399, 973.0, 0.267606 ]
}
